<?xml version="1.0" encoding="ISO-8859-1"?>
<?xml-stylesheet href="file:///C|/Users/s/Desktop/Unicate Reborn Septembar/pawno/xml/pawndoc.xsl" type="text/xsl"?>
<doc source="C:\Users\s\Desktop\Unicate Reborn Septembar\pawno\include\anticbug.inc">
	<assembly>
		<name>anticbug.inc</name>
	</assembly>
	<members>

		<!-- enumerations -->
		<member name="T:eCBugPlayerInfo" value="6">
			<tagname value="eCBugPlayerInfo"/>
			<member name="C:isCrouched" value="0">
				<tagname value="bool"/>
			</member>
			<member name="C:isFiring" value="1">
				<tagname value="bool"/>
			</member>
			<member name="C:iCrouchTime" value="2">
			</member>
			<member name="C:iLastFire" value="3">
			</member>
			<member name="C:iLastFiring" value="4">
			</member>
			<member name="C:iLastStrafeFire" value="5">
			</member>
		</member>

		<!-- constants -->
		<member name="C:false" value="0">
			<tagname value="bool"/>
			<referrer name="AntiCBugOnGameModeInit"/>
			<referrer name="AntiCBugOnPlayerConnect"/>
			<referrer name="AntiCBugOnPlayerUpdate"/>
		</member>
		<member name="C:true" value="1">
			<tagname value="bool"/>
			<referrer name="AntiCBugOnPlayerUpdate"/>
		</member>

		<!-- variables -->
		<member name="F:CBugPlayerInfo">
			<referrer name="AntiCBugOnGameModeInit"/>
			<referrer name="AntiCBugOnPlayerConnect"/>
			<referrer name="AntiCBugOnPlayerUpdate"/>
		</member>

		<!-- functions -->
		<member name="M:AntiCBugOnGameModeInit" syntax="AntiCBugOnGameModeInit()">
			<stacksize value="4"/>
			<dependency name="CBugPlayerInfo"/>
			<dependency name="CBugPlayerInfo"/>
			<dependency name="GetTickCount"/>
			<dependency name="false"/>
			<dependency name="iLastFire"/>
			<dependency name="iLastStrafeFire"/>
			<dependency name="isCrouched"/>
		</member>
		<member name="M:AntiCBugOnPlayerConnect" syntax="AntiCBugOnPlayerConnect(playerid)">
			<stacksize value="4"/>
			<dependency name="CBugPlayerInfo"/>
			<dependency name="CBugPlayerInfo"/>
			<dependency name="GetTickCount"/>
			<dependency name="false"/>
			<dependency name="iLastFire"/>
			<dependency name="iLastFiring"/>
			<dependency name="iLastStrafeFire"/>
			<dependency name="isCrouched"/>
			<dependency name="isFiring"/>
			<param name="playerid">
			</param>
		</member>
		<member name="M:AntiCBugOnPlayerUpdate" syntax="AntiCBugOnPlayerUpdate(playerid)">
			<stacksize value="19"/>
			<dependency name="ApplyAnimation"/>
			<dependency name="CBugPlayerInfo"/>
			<dependency name="CBugPlayerInfo"/>
			<dependency name="ClearAnimations"/>
			<dependency name="GetPlayerAnimationIndex"/>
			<dependency name="GetPlayerKeys"/>
			<dependency name="GetPlayerWeapon"/>
			<dependency name="GetTickCount"/>
			<dependency name="GetWeaponSlot"/>
			<dependency name="false"/>
			<dependency name="iCrouchTime"/>
			<dependency name="iLastFire"/>
			<dependency name="iLastFiring"/>
			<dependency name="iLastStrafeFire"/>
			<dependency name="isCrouched"/>
			<dependency name="isFiring"/>
			<dependency name="true"/>
			<param name="playerid">
			</param>
		</member>
		<member name="M:ApplyAnimation" syntax="ApplyAnimation()">
			<stacksize value="1"/>
			<referrer name="AntiCBugOnPlayerUpdate"/>
		</member>
		<member name="M:ClearAnimations" syntax="ClearAnimations()">
			<stacksize value="1"/>
			<referrer name="AntiCBugOnPlayerUpdate"/>
		</member>
		<member name="M:GetPlayerAnimationIndex" syntax="GetPlayerAnimationIndex()">
			<stacksize value="1"/>
			<referrer name="AntiCBugOnPlayerUpdate"/>
		</member>
		<member name="M:GetPlayerKeys" syntax="GetPlayerKeys()">
			<stacksize value="1"/>
			<referrer name="AntiCBugOnPlayerUpdate"/>
		</member>
		<member name="M:GetPlayerWeapon" syntax="GetPlayerWeapon()">
			<stacksize value="1"/>
			<referrer name="AntiCBugOnPlayerUpdate"/>
		</member>
		<member name="M:GetTickCount" syntax="GetTickCount()">
			<stacksize value="1"/>
			<referrer name="AntiCBugOnGameModeInit"/>
			<referrer name="AntiCBugOnPlayerConnect"/>
			<referrer name="AntiCBugOnPlayerUpdate"/>
		</member>
		<member name="M:GetWeaponSlot" syntax="GetWeaponSlot()">
			<stacksize value="1"/>
			<referrer name="AntiCBugOnPlayerUpdate"/>
		</member>

	</members>
</doc>
